base	freq	perc
A	8804	29.5139121689574
C	5394	18.0824673147838
T	9464	31.7264498826685
G	5764	19.3228293664097
N	404	1.35434126718069
