base	freq	perc
A	8750	29.2700876430053
C	5374	17.9768515421155
T	9405	31.4611627751388
G	5733	19.1777614236971
N	632	2.11413661604335
