base	freq	perc
A	8732	29.2020600628721
C	5352	17.8984683298776
T	9415	31.4861882148351
G	5739	19.1926961407264
N	664	2.22058725168885
