base	freq	perc
A	8745	29.2631508499532
C	5366	17.9560969080444
T	9425	31.5386159817963
G	5757	19.2644893588542
N	591	1.97764690135189
