base	freq	perc
A	8895	29.7461793131124
C	5464	18.2724141390496
T	9577	32.0268869344213
G	5846	19.5498779386684
N	121	0.404641674748353
